sleeve,vehicle,entry_date,entry_price,exit_date,exit_price,pnl_pct,hold_days,exit_reason
SPY->SPXL,SPXL,2002-03-22,7.6712,2002-03-27,7.5731,-1.28,5,wma_cross_below
SPY->SPXL,SPY_DEF,2002-03-27,73.7273,2002-07-11,59.5365,-19.2477,106,def_stop(18%)
QQQ->TQQQ,TQQQ,2003-09-04,0.2724,2003-09-26,0.233,-14.4705,22,stop_loss(12%)
QQQ->TQQQ,QQQ_DEF,2003-09-26,27.8166,2004-06-01,30.6784,10.2883,249,def_to_vehicle
QQQ->TQQQ,TQQQ,2004-06-01,0.3052,2004-07-14,0.2708,-11.2692,43,wma_cross_below
SPY->SPXL,SPXL,2003-05-16,3.5764,2004-07-20,5.8502,63.577,431,wma_cross_below
SPY->SPXL,SPY_DEF,2004-07-20,74.0959,2004-09-07,75.4433,1.8184,49,def_to_vehicle
SPY->SPXL,SPXL,2004-09-07,6.007,2004-09-24,5.8517,-2.5846,17,wma_cross_below
SPY->SPXL,SPY_DEF,2004-09-24,74.8351,2004-10-05,76.6391,2.4107,11,def_to_vehicle
QQQ->TQQQ,QQQ_DEF,2004-07-14,29.7816,2004-10-07,30.9153,3.8069,85,def_to_vehicle
SPY->SPXL,SPXL,2004-10-05,6.2377,2004-10-14,5.7105,-8.4514,9,wma_cross_below
SPY->SPXL,SPY_DEF,2004-10-14,75.2255,2004-11-01,76.444,1.6197,18,def_to_vehicle
QQQ->TQQQ,TQQQ,2004-10-07,0.2882,2005-03-23,0.2886,0.1474,167,wma_cross_below
SPY->SPXL,SPXL,2004-11-01,6.154,2005-04-19,6.6046,7.3221,169,wma_cross_below
SPY->SPXL,SPY_DEF,2005-04-19,78.384,2005-05-04,79.4395,1.3466,15,def_to_vehicle
QQQ->TQQQ,QQQ_DEF,2005-03-23,30.8267,2005-05-25,32.313,4.8214,63,def_to_vehicle
QQQ->TQQQ,TQQQ,2005-05-25,0.3234,2005-06-28,0.3065,-5.2038,34,wma_cross_below
QQQ->TQQQ,QQQ_DEF,2005-06-28,31.5903,2005-07-14,33.0437,4.6008,16,def_to_vehicle
SPY->SPXL,SPXL,2005-05-04,6.9457,2005-10-10,7.2422,4.2685,159,wma_cross_below
SPY->SPXL,SPY_DEF,2005-10-10,82.1803,2005-11-03,83.8764,2.0639,24,def_to_vehicle
QQQ->TQQQ,TQQQ,2005-07-14,0.3476,2006-05-18,0.343,-1.336,308,wma_cross_below
SPY->SPXL,SPXL,2005-11-03,7.8972,2006-06-12,8.3172,5.3179,221,wma_cross_below
SPY->SPXL,SPY_DEF,2006-06-12,87.2415,2006-07-05,88.6085,1.567,23,def_to_vehicle
SPY->SPXL,SPXL,2006-07-05,9.0335,2006-07-14,8.2854,-8.2823,9,wma_cross_below
SPY->SPXL,SPY_DEF,2006-07-14,86.4297,2006-07-31,88.8661,2.819,17,def_to_vehicle
SPY->SPXL,SPXL,2006-07-31,9.1671,2006-08-15,9.3284,1.759,15,wma_cross_below
QQQ->TQQQ,QQQ_DEF,2006-05-18,33.8671,2006-09-21,34.794,2.7366,126,def_to_vehicle
SPY->SPXL,SPY_DEF,2006-08-15,89.2489,2007-09-27,108.9127,22.0325,408,def_to_vehicle
SPY->SPXL,SPXL,2007-09-27,15.9855,2007-11-09,13.4759,-15.6991,43,stop_loss(12%)
QQQ->TQQQ,TQQQ,2006-09-21,0.3622,2007-11-14,0.6431,77.5253,419,vol_exit(31.8%)
QQQ->TQQQ,QQQ_DEF,2007-11-14,44.2672,2008-03-10,36.2252,-18.1669,117,def_stop(18%)
SPY->SPXL,SPY_DEF,2007-11-09,103.7701,2008-09-18,85.3727,-17.7291,314,def_stop(18%)
QQQ->TQQQ,TQQQ,2009-08-05,0.1691,2010-05-11,0.2556,51.1374,279,vol_exit(30.6%)
SPY->SPXL,SPXL,2009-08-05,2.8713,2010-05-21,3.2547,13.3504,289,vol_exit(30.1%)
QQQ->TQQQ,QQQ_DEF,2010-05-11,41.218,2010-09-27,43.44,5.3908,139,def_to_vehicle
SPY->SPXL,SPY_DEF,2010-05-21,79.7869,2010-09-29,87.0413,9.0922,131,def_to_vehicle
QQQ->TQQQ,TQQQ,2010-09-27,0.2814,2011-06-15,0.3629,28.9715,261,wma_cross_below
SPY->SPXL,SPXL,2010-09-29,4.0195,2011-08-03,5.3128,32.1761,308,wma_cross_below
SPY->SPXL,SPY_DEF,2011-08-03,97.0243,2012-01-13,100.4723,3.5537,163,def_to_vehicle
QQQ->TQQQ,QQQ_DEF,2011-06-15,48.1352,2012-01-17,51.9051,7.832,216,def_to_vehicle
QQQ->TQQQ,TQQQ,2012-01-17,0.392,2012-11-01,0.5178,32.0954,289,wma_cross_below
SPY->SPXL,SPXL,2012-01-13,4.9639,2012-11-14,6.0061,20.9959,306,wma_cross_below
SPY->SPXL,SPY_DEF,2012-11-14,109.5633,2012-11-23,111.0854,1.3892,9,def_to_vehicle
QQQ->TQQQ,QQQ_DEF,2012-11-01,58.1454,2012-12-19,59.3916,2.1432,48,def_to_vehicle
QQQ->TQQQ,TQQQ,2012-12-19,0.5452,2012-12-28,0.4873,-10.6218,9,wma_cross_below
QQQ->TQQQ,QQQ_DEF,2012-12-28,57.2248,2013-01-24,59.6953,4.3172,27,def_to_vehicle
QQQ->TQQQ,TQQQ,2013-01-24,0.5489,2014-08-19,1.6967,209.1239,572,take_profit(200%)
SPY->SPXL,SPXL,2012-11-23,6.2443,2014-09-19,18.9581,203.6073,665,take_profit(200%)
SPY->SPXL,SPY_DEF,2014-09-19,166.4216,2014-11-07,167.7842,0.8188,49,def_to_vehicle
SPY->SPXL,SPXL,2014-11-07,19.1516,2015-08-21,18.6214,-2.7685,287,wma_cross_below
QQQ->TQQQ,QQQ_DEF,2014-08-19,89.9082,2015-10-28,104.8643,16.6349,435,def_to_vehicle
SPY->SPXL,SPY_DEF,2015-08-21,169.0807,2015-10-28,174.3998,3.1459,68,def_to_vehicle
SPY->SPXL,SPXL,2015-10-28,19.7022,2015-11-16,18.3346,-6.9412,19,wma_cross_below
SPY->SPXL,SPY_DEF,2015-11-16,170.4568,2015-11-20,176.464,3.5242,4,def_to_vehicle
SPY->SPXL,SPXL,2015-11-20,20.2871,2015-12-14,18.1298,-10.6336,24,wma_cross_below
QQQ->TQQQ,TQQQ,2015-10-28,2.3777,2016-01-07,1.9234,-19.1076,71,stop_loss(12%)
SPY->SPXL,SPY_DEF,2015-12-14,170.2462,2016-03-17,172.251,1.1776,94,def_to_vehicle
QQQ->TQQQ,QQQ_DEF,2016-01-07,98.4141,2016-03-30,101.9849,3.6284,83,def_to_vehicle
QQQ->TQQQ,TQQQ,2016-03-30,2.0553,2016-05-04,1.8067,-12.0961,35,wma_cross_below
QQQ->TQQQ,QQQ_DEF,2016-05-04,97.9233,2016-05-31,102.7301,4.9087,27,def_to_vehicle
QQQ->TQQQ,TQQQ,2016-05-31,2.0774,2016-06-21,1.9252,-7.3264,21,wma_cross_below
QQQ->TQQQ,QQQ_DEF,2016-06-21,100.248,2016-07-26,106.1324,5.8698,35,def_to_vehicle
QQQ->TQQQ,TQQQ,2016-07-26,2.253,2018-01-23,6.9739,209.5457,546,take_profit(200%)
SPY->SPXL,SPXL,2016-03-17,18.1298,2018-10-16,43.9896,142.6369,943,wma_cross_below
SPY->SPXL,SPY_DEF,2018-10-16,247.3076,2019-02-19,248.6448,0.5407,126,def_to_vehicle
QQQ->TQQQ,QQQ_DEF,2018-01-23,159.819,2019-02-27,165.2591,3.4039,400,def_to_vehicle
SPY->SPXL,SPXL,2019-02-19,41.6758,2019-06-04,41.313,-0.8704,105,wma_cross_below
QQQ->TQQQ,TQQQ,2019-02-27,6.0743,2020-03-03,10.568,73.9793,370,vol_exit(34.8%)
QQQ->TQQQ,QQQ_DEF,2020-03-03,209.2008,2020-03-13,180.2552,-13.8363,10,def_stop(18%)
SPY->SPXL,SPY_DEF,2019-06-04,250.3172,2020-07-28,298.5037,19.2502,420,def_to_vehicle
QQQ->TQQQ,TQQQ,2020-06-11,11.0715,2020-09-09,15.4304,39.3707,90,vol_exit(32.2%)
SPY->SPXL,SPXL,2020-07-28,45.7716,2021-12-28,141.2861,208.6763,518,take_profit(200%)
SPY->SPXL,SPY_DEF,2021-12-28,451.8775,2022-05-20,373.1326,-17.4262,143,def_stop(18%)
SPY->SPXL,SPXL,2023-01-30,69.502,2023-03-13,57.8714,-16.7342,42,stop_loss(12%)
QQQ->TQQQ,QQQ_DEF,2020-09-09,266.5305,2023-04-17,312.9988,17.4345,950,def_to_vehicle
SPY->SPXL,SPY_DEF,2023-03-13,367.015,2023-04-25,396.1764,7.9456,43,def_to_vehicle
SPY->SPXL,SPXL,2023-04-25,71.398,2023-10-26,69.9062,-2.0894,184,wma_cross_below
SPY->SPXL,SPY_DEF,2023-10-26,404.7559,2023-11-06,423.2418,4.5672,11,def_to_vehicle
QQQ->TQQQ,TQQQ,2023-04-17,13.2276,2024-07-08,40.3043,204.6999,448,take_profit(200%)
SPY->SPXL,SPXL,2023-11-06,79.4394,2025-03-11,140.1488,76.4222,491,wma_cross_below
SPY->SPXL,SPY_DEF,2025-03-11,552.8985,2025-05-21,583.3505,5.5077,71,def_to_vehicle
QQQ->TQQQ,QQQ_DEF,2024-07-08,492.5376,2025-06-11,533.7119,8.3596,338,def_to_vehicle
QQQ->TQQQ,TQQQ,2025-06-11,38.092,2026-03-20,45.18,18.6075,282,wma_cross_below
SPY->SPXL,SPXL,2025-05-21,150.6507,2026-03-23,193.26,28.2835,306,wma_cross_below
QQQ->TQQQ,QQQ_DEF,2026-03-20,590.3159,2026-03-23,588,-0.3923,3,end_of_data
SPY->SPXL,SPY_DEF,2026-03-23,658.07,2026-03-23,655.38,-0.4088,0,end_of_data
